Firstname,Lastname,Email,User Tag Name Preference
user1,1,user1@teeme.net,f_l
user2,2,user2@teeme.net,f_l
user3,3,user3@teeme.net,f_l
user4,4,user4@teeme.net,f_l
user5,5,user5@teeme.net,f_l
user6,6,user6@teeme.net,f_l
user7,7,user7@teeme.net,f_l
user8,8,user8@teeme.net,f_l
user9,9,user9@teeme.net,f_l
user10,10,user10@teeme.net,f_l
user11,11,user11@teeme.net,f_l
user12,12,user12@teeme.net,f_l
user13,13,user13@teeme.net,f_l
user14,14,user14@teeme.net,f_l
user15,15,user15@teeme.net,f_l
user16,16,user16@teeme.net,f_l
user17,17,user17@teeme.net,f_l
user18,18,user18@teeme.net,f_l
user19,19,user19@teeme.net,f_l
user20,20,user20@teeme.net,f_l
user21,21,user21@teeme.net,f_l
user22,22,user22@teeme.net,f_l
user23,23,user23@teeme.net,f_l
user24,24,user24@teeme.net,f_l
user25,25,user25@teeme.net,f_l
user26,26,user26@teeme.net,f_l
user27,27,user27@teeme.net,f_l
user28,28,user28@teeme.net,f_l
user29,29,user29@teeme.net,f_l
user30,30,user30@teeme.net,f_l
user31,31,user31@teeme.net,f_l
user32,32,user32@teeme.net,f_l
user33,33,user33@teeme.net,f_l
user34,34,user34@teeme.net,f_l
user35,35,user35@teeme.net,f_l
user36,36,user36@teeme.net,f_l
user37,37,user37@teeme.net,f_l
user38,38,user38@teeme.net,f_l
user39,39,user39@teeme.net,f_l
user40,40,user40@teeme.net,f_l
user41,41,user41@teeme.net,f_l
user42,42,user42@teeme.net,f_l
user43,43,user43@teeme.net,f_l
user44,44,user44@teeme.net,f_l
user45,45,user45@teeme.net,f_l
user46,46,user46@teeme.net,f_l
user47,47,user47@teeme.net,f_l
user48,48,user48@teeme.net,f_l
user49,49,user49@teeme.net,f_l
user50,50,user50@teeme.net,f_l
user51,51,user51@teeme.net,f_l
user52,52,user52@teeme.net,f_l
user53,53,user53@teeme.net,f_l
user54,54,user54@teeme.net,f_l
user55,55,user55@teeme.net,f_l
user56,56,user56@teeme.net,f_l
user57,57,user57@teeme.net,f_l
user58,58,user58@teeme.net,f_l
user59,59,user59@teeme.net,f_l
user60,60,user60@teeme.net,f_l
user61,61,user61@teeme.net,f_l
user62,62,user62@teeme.net,f_l
user63,63,user63@teeme.net,f_l
user64,64,user64@teeme.net,f_l
user65,65,user65@teeme.net,f_l
user66,66,user66@teeme.net,f_l
user67,67,user67@teeme.net,f_l
user68,68,user68@teeme.net,f_l
user69,69,user69@teeme.net,f_l
user70,70,user70@teeme.net,f_l
user71,71,user71@teeme.net,f_l
user72,72,user72@teeme.net,f_l
user73,73,user73@teeme.net,f_l
user74,74,user74@teeme.net,f_l
user75,75,user75@teeme.net,f_l
user76,76,user76@teeme.net,f_l
user77,77,user77@teeme.net,f_l
user78,78,user78@teeme.net,f_l
user79,79,user79@teeme.net,f_l
user80,80,user80@teeme.net,f_l
user81,81,user81@teeme.net,f_l
user82,82,user82@teeme.net,f_l
user83,83,user83@teeme.net,f_l
user84,84,user84@teeme.net,f_l
user85,85,user85@teeme.net,f_l
user86,86,user86@teeme.net,f_l
user87,87,user87@teeme.net,f_l
user88,88,user88@teeme.net,f_l
user89,89,user89@teeme.net,f_l
user90,90,user90@teeme.net,f_l
user91,91,user91@teeme.net,f_l
user92,92,user92@teeme.net,f_l
user93,93,user93@teeme.net,f_l
user94,94,user94@teeme.net,f_l
user95,95,user95@teeme.net,f_l
user96,96,user96@teeme.net,f_l
user97,97,user97@teeme.net,f_l
user98,98,user98@teeme.net,f_l
user99,99,user99@teeme.net,f_l
user100,100,user100@teeme.net,f_l
user101,101,user101@teeme.net,f_l
user102,102,user102@teeme.net,f_l
user103,103,user103@teeme.net,f_l
user104,104,user104@teeme.net,f_l
user105,105,user105@teeme.net,f_l
user106,106,user106@teeme.net,f_l
user107,107,user107@teeme.net,f_l
user108,108,user108@teeme.net,f_l
user109,109,user109@teeme.net,f_l
user110,110,user110@teeme.net,f_l
user111,111,user111@teeme.net,f_l
user112,112,user112@teeme.net,f_l
user113,113,user113@teeme.net,f_l
user114,114,user114@teeme.net,f_l
user115,115,user115@teeme.net,f_l
user116,116,user116@teeme.net,f_l
user117,117,user117@teeme.net,f_l
user118,118,user118@teeme.net,f_l
user119,119,user119@teeme.net,f_l
user120,120,user120@teeme.net,f_l
user121,121,user121@teeme.net,f_l
user122,122,user122@teeme.net,f_l
user123,123,user123@teeme.net,f_l
user124,124,user124@teeme.net,f_l
user125,125,user125@teeme.net,f_l
user126,126,user126@teeme.net,f_l
user127,127,user127@teeme.net,f_l
user128,128,user128@teeme.net,f_l
user129,129,user129@teeme.net,f_l
user130,130,user130@teeme.net,f_l
user131,131,user131@teeme.net,f_l
user132,132,user132@teeme.net,f_l
user133,133,user133@teeme.net,f_l
user134,134,user134@teeme.net,f_l
user135,135,user135@teeme.net,f_l
user136,136,user136@teeme.net,f_l
user137,137,user137@teeme.net,f_l
user138,138,user138@teeme.net,f_l
user139,139,user139@teeme.net,f_l
user140,140,user140@teeme.net,f_l
user141,141,user141@teeme.net,f_l
user142,142,user142@teeme.net,f_l
user143,143,user143@teeme.net,f_l
user144,144,user144@teeme.net,f_l
user145,145,user145@teeme.net,f_l
user146,146,user146@teeme.net,f_l
user147,147,user147@teeme.net,f_l
user148,148,user148@teeme.net,f_l
user149,149,user149@teeme.net,f_l
user150,150,user150@teeme.net,f_l
user151,151,user151@teeme.net,f_l
user152,152,user152@teeme.net,f_l
user153,153,user153@teeme.net,f_l
user154,154,user154@teeme.net,f_l
user155,155,user155@teeme.net,f_l
user156,156,user156@teeme.net,f_l
user157,157,user157@teeme.net,f_l
user158,158,user158@teeme.net,f_l
user159,159,user159@teeme.net,f_l
user160,160,user160@teeme.net,f_l
user161,161,user161@teeme.net,f_l
user162,162,user162@teeme.net,f_l
user163,163,user163@teeme.net,f_l
user164,164,user164@teeme.net,f_l
user165,165,user165@teeme.net,f_l
user166,166,user166@teeme.net,f_l
user167,167,user167@teeme.net,f_l
user168,168,user168@teeme.net,f_l
user169,169,user169@teeme.net,f_l
user170,170,user170@teeme.net,f_l
user171,171,user171@teeme.net,f_l
user172,172,user172@teeme.net,f_l
user173,173,user173@teeme.net,f_l
user174,174,user174@teeme.net,f_l
user175,175,user175@teeme.net,f_l
user176,176,user176@teeme.net,f_l
user177,177,user177@teeme.net,f_l
user178,178,user178@teeme.net,f_l
user179,179,user179@teeme.net,f_l
user180,180,user180@teeme.net,f_l
user181,181,user181@teeme.net,f_l
user182,182,user182@teeme.net,f_l
user183,183,user183@teeme.net,f_l
user184,184,user184@teeme.net,f_l
user185,185,user185@teeme.net,f_l
user186,186,user186@teeme.net,f_l
user187,187,user187@teeme.net,f_l
user188,188,user188@teeme.net,f_l
user189,189,user189@teeme.net,f_l
user190,190,user190@teeme.net,f_l
user191,191,user191@teeme.net,f_l
user192,192,user192@teeme.net,f_l
user193,193,user193@teeme.net,f_l
user194,194,user194@teeme.net,f_l
user195,195,user195@teeme.net,f_l
user196,196,user196@teeme.net,f_l
user197,197,user197@teeme.net,f_l
user198,198,user198@teeme.net,f_l
user199,199,user199@teeme.net,f_l
user200,200,user200@teeme.net,f_l
user201,201,user201@teeme.net,f_l
user202,202,user202@teeme.net,f_l
user203,203,user203@teeme.net,f_l
user204,204,user204@teeme.net,f_l
user205,205,user205@teeme.net,f_l
user206,206,user206@teeme.net,f_l
user207,207,user207@teeme.net,f_l
user208,208,user208@teeme.net,f_l
user209,209,user209@teeme.net,f_l
user210,210,user210@teeme.net,f_l
user211,211,user211@teeme.net,f_l
user212,212,user212@teeme.net,f_l
user213,213,user213@teeme.net,f_l
user214,214,user214@teeme.net,f_l
user215,215,user215@teeme.net,f_l
user216,216,user216@teeme.net,f_l
user217,217,user217@teeme.net,f_l
user218,218,user218@teeme.net,f_l
user219,219,user219@teeme.net,f_l
user220,220,user220@teeme.net,f_l
user221,221,user221@teeme.net,f_l
user222,222,user222@teeme.net,f_l
user223,223,user223@teeme.net,f_l
user224,224,user224@teeme.net,f_l
user225,225,user225@teeme.net,f_l
user226,226,user226@teeme.net,f_l
user227,227,user227@teeme.net,f_l
user228,228,user228@teeme.net,f_l
user229,229,user229@teeme.net,f_l
user230,230,user230@teeme.net,f_l
user231,231,user231@teeme.net,f_l
user232,232,user232@teeme.net,f_l
user233,233,user233@teeme.net,f_l
user234,234,user234@teeme.net,f_l
user235,235,user235@teeme.net,f_l
user236,236,user236@teeme.net,f_l
user237,237,user237@teeme.net,f_l
user238,238,user238@teeme.net,f_l
user239,239,user239@teeme.net,f_l
user240,240,user240@teeme.net,f_l
user241,241,user241@teeme.net,f_l
user242,242,user242@teeme.net,f_l
user243,243,user243@teeme.net,f_l
user244,244,user244@teeme.net,f_l
user245,245,user245@teeme.net,f_l
user246,246,user246@teeme.net,f_l
user247,247,user247@teeme.net,f_l
user248,248,user248@teeme.net,f_l
user249,249,user249@teeme.net,f_l
user250,250,user250@teeme.net,f_l
user251,251,user251@teeme.net,f_l
user252,252,user252@teeme.net,f_l
user253,253,user253@teeme.net,f_l
user254,254,user254@teeme.net,f_l
user255,255,user255@teeme.net,f_l
user256,256,user256@teeme.net,f_l
user257,257,user257@teeme.net,f_l
user258,258,user258@teeme.net,f_l
user259,259,user259@teeme.net,f_l
user260,260,user260@teeme.net,f_l
user261,261,user261@teeme.net,f_l
user262,262,user262@teeme.net,f_l
user263,263,user263@teeme.net,f_l
user264,264,user264@teeme.net,f_l
user265,265,user265@teeme.net,f_l
user266,266,user266@teeme.net,f_l
user267,267,user267@teeme.net,f_l
user268,268,user268@teeme.net,f_l
user269,269,user269@teeme.net,f_l
user270,270,user270@teeme.net,f_l
user271,271,user271@teeme.net,f_l
user272,272,user272@teeme.net,f_l
user273,273,user273@teeme.net,f_l
user274,274,user274@teeme.net,f_l
user275,275,user275@teeme.net,f_l
user276,276,user276@teeme.net,f_l
user277,277,user277@teeme.net,f_l
user278,278,user278@teeme.net,f_l
user279,279,user279@teeme.net,f_l
user280,280,user280@teeme.net,f_l
user281,281,user281@teeme.net,f_l
user282,282,user282@teeme.net,f_l
user283,283,user283@teeme.net,f_l
user284,284,user284@teeme.net,f_l
user285,285,user285@teeme.net,f_l
user286,286,user286@teeme.net,f_l
user287,287,user287@teeme.net,f_l
user288,288,user288@teeme.net,f_l
user289,289,user289@teeme.net,f_l
user290,290,user290@teeme.net,f_l
user291,291,user291@teeme.net,f_l
user292,292,user292@teeme.net,f_l
user293,293,user293@teeme.net,f_l
user294,294,user294@teeme.net,f_l
user295,295,user295@teeme.net,f_l
user296,296,user296@teeme.net,f_l
user297,297,user297@teeme.net,f_l
user298,298,user298@teeme.net,f_l
user299,299,user299@teeme.net,f_l
user300,300,user300@teeme.net,f_l
user301,301,user301@teeme.net,f_l
user302,302,user302@teeme.net,f_l
user303,303,user303@teeme.net,f_l
user304,304,user304@teeme.net,f_l
user305,305,user305@teeme.net,f_l
user306,306,user306@teeme.net,f_l
user307,307,user307@teeme.net,f_l
user308,308,user308@teeme.net,f_l
user309,309,user309@teeme.net,f_l
user310,310,user310@teeme.net,f_l
user311,311,user311@teeme.net,f_l
user312,312,user312@teeme.net,f_l
user313,313,user313@teeme.net,f_l
user314,314,user314@teeme.net,f_l
user315,315,user315@teeme.net,f_l
user316,316,user316@teeme.net,f_l
user317,317,user317@teeme.net,f_l
user318,318,user318@teeme.net,f_l
user319,319,user319@teeme.net,f_l
user320,320,user320@teeme.net,f_l
user321,321,user321@teeme.net,f_l
user322,322,user322@teeme.net,f_l
user323,323,user323@teeme.net,f_l
user324,324,user324@teeme.net,f_l
user325,325,user325@teeme.net,f_l
user326,326,user326@teeme.net,f_l
user327,327,user327@teeme.net,f_l
user328,328,user328@teeme.net,f_l
user329,329,user329@teeme.net,f_l
user330,330,user330@teeme.net,f_l
user331,331,user331@teeme.net,f_l
user332,332,user332@teeme.net,f_l
user333,333,user333@teeme.net,f_l
user334,334,user334@teeme.net,f_l
user335,335,user335@teeme.net,f_l
user336,336,user336@teeme.net,f_l
user337,337,user337@teeme.net,f_l
user338,338,user338@teeme.net,f_l
user339,339,user339@teeme.net,f_l
user340,340,user340@teeme.net,f_l
user341,341,user341@teeme.net,f_l
user342,342,user342@teeme.net,f_l
user343,343,user343@teeme.net,f_l
user344,344,user344@teeme.net,f_l
user345,345,user345@teeme.net,f_l
user346,346,user346@teeme.net,f_l
user347,347,user347@teeme.net,f_l
user348,348,user348@teeme.net,f_l
user349,349,user349@teeme.net,f_l
user350,350,user350@teeme.net,f_l
user351,351,user351@teeme.net,f_l
user352,352,user352@teeme.net,f_l
user353,353,user353@teeme.net,f_l
user354,354,user354@teeme.net,f_l
user355,355,user355@teeme.net,f_l
user356,356,user356@teeme.net,f_l
user357,357,user357@teeme.net,f_l
user358,358,user358@teeme.net,f_l
user359,359,user359@teeme.net,f_l
user360,360,user360@teeme.net,f_l
user361,361,user361@teeme.net,f_l
user362,362,user362@teeme.net,f_l
user363,363,user363@teeme.net,f_l
user364,364,user364@teeme.net,f_l
user365,365,user365@teeme.net,f_l
user366,366,user366@teeme.net,f_l
user367,367,user367@teeme.net,f_l
user368,368,user368@teeme.net,f_l
user369,369,user369@teeme.net,f_l
user370,370,user370@teeme.net,f_l
user371,371,user371@teeme.net,f_l
user372,372,user372@teeme.net,f_l
user373,373,user373@teeme.net,f_l
user374,374,user374@teeme.net,f_l
user375,375,user375@teeme.net,f_l
user376,376,user376@teeme.net,f_l
user377,377,user377@teeme.net,f_l
user378,378,user378@teeme.net,f_l
user379,379,user379@teeme.net,f_l
user380,380,user380@teeme.net,f_l
user381,381,user381@teeme.net,f_l
user382,382,user382@teeme.net,f_l
user383,383,user383@teeme.net,f_l
user384,384,user384@teeme.net,f_l
user385,385,user385@teeme.net,f_l
user386,386,user386@teeme.net,f_l
user387,387,user387@teeme.net,f_l
user388,388,user388@teeme.net,f_l
user389,389,user389@teeme.net,f_l
user390,390,user390@teeme.net,f_l
user391,391,user391@teeme.net,f_l
user392,392,user392@teeme.net,f_l
user393,393,user393@teeme.net,f_l
user394,394,user394@teeme.net,f_l
user395,395,user395@teeme.net,f_l
user396,396,user396@teeme.net,f_l
user397,397,user397@teeme.net,f_l
user398,398,user398@teeme.net,f_l
user399,399,user399@teeme.net,f_l
user400,400,user400@teeme.net,f_l
user401,401,user401@teeme.net,f_l
user402,402,user402@teeme.net,f_l
user403,403,user403@teeme.net,f_l
user404,404,user404@teeme.net,f_l
user405,405,user405@teeme.net,f_l
user406,406,user406@teeme.net,f_l
user407,407,user407@teeme.net,f_l
user408,408,user408@teeme.net,f_l
user409,409,user409@teeme.net,f_l
user410,410,user410@teeme.net,f_l
user411,411,user411@teeme.net,f_l
user412,412,user412@teeme.net,f_l
user413,413,user413@teeme.net,f_l
user414,414,user414@teeme.net,f_l
user415,415,user415@teeme.net,f_l
user416,416,user416@teeme.net,f_l
user417,417,user417@teeme.net,f_l
user418,418,user418@teeme.net,f_l
user419,419,user419@teeme.net,f_l
user420,420,user420@teeme.net,f_l
user421,421,user421@teeme.net,f_l
user422,422,user422@teeme.net,f_l
user423,423,user423@teeme.net,f_l
user424,424,user424@teeme.net,f_l
user425,425,user425@teeme.net,f_l
user426,426,user426@teeme.net,f_l
user427,427,user427@teeme.net,f_l
user428,428,user428@teeme.net,f_l
user429,429,user429@teeme.net,f_l
user430,430,user430@teeme.net,f_l
user431,431,user431@teeme.net,f_l
user432,432,user432@teeme.net,f_l
user433,433,user433@teeme.net,f_l
user434,434,user434@teeme.net,f_l
user435,435,user435@teeme.net,f_l
user436,436,user436@teeme.net,f_l
user437,437,user437@teeme.net,f_l
user438,438,user438@teeme.net,f_l
user439,439,user439@teeme.net,f_l
user440,440,user440@teeme.net,f_l
user441,441,user441@teeme.net,f_l
user442,442,user442@teeme.net,f_l
user443,443,user443@teeme.net,f_l
user444,444,user444@teeme.net,f_l
user445,445,user445@teeme.net,f_l
user446,446,user446@teeme.net,f_l
user447,447,user447@teeme.net,f_l
user448,448,user448@teeme.net,f_l
user449,449,user449@teeme.net,f_l
user450,450,user450@teeme.net,f_l
user451,451,user451@teeme.net,f_l
user452,452,user452@teeme.net,f_l
user453,453,user453@teeme.net,f_l
user454,454,user454@teeme.net,f_l
user455,455,user455@teeme.net,f_l
user456,456,user456@teeme.net,f_l
user457,457,user457@teeme.net,f_l
user458,458,user458@teeme.net,f_l
user459,459,user459@teeme.net,f_l
user460,460,user460@teeme.net,f_l
user461,461,user461@teeme.net,f_l
user462,462,user462@teeme.net,f_l
user463,463,user463@teeme.net,f_l
user464,464,user464@teeme.net,f_l
user465,465,user465@teeme.net,f_l
user466,466,user466@teeme.net,f_l
user467,467,user467@teeme.net,f_l
user468,468,user468@teeme.net,f_l
user469,469,user469@teeme.net,f_l
user470,470,user470@teeme.net,f_l
user471,471,user471@teeme.net,f_l
user472,472,user472@teeme.net,f_l
user473,473,user473@teeme.net,f_l
user474,474,user474@teeme.net,f_l
user475,475,user475@teeme.net,f_l
user476,476,user476@teeme.net,f_l
user477,477,user477@teeme.net,f_l
user478,478,user478@teeme.net,f_l
user479,479,user479@teeme.net,f_l
user480,480,user480@teeme.net,f_l
user481,481,user481@teeme.net,f_l
user482,482,user482@teeme.net,f_l
user483,483,user483@teeme.net,f_l
user484,484,user484@teeme.net,f_l
user485,485,user485@teeme.net,f_l
user486,486,user486@teeme.net,f_l
user487,487,user487@teeme.net,f_l
user488,488,user488@teeme.net,f_l
user489,489,user489@teeme.net,f_l
user490,490,user490@teeme.net,f_l
user491,491,user491@teeme.net,f_l
user492,492,user492@teeme.net,f_l
user493,493,user493@teeme.net,f_l
user494,494,user494@teeme.net,f_l
user495,495,user495@teeme.net,f_l
user496,496,user496@teeme.net,f_l
user497,497,user497@teeme.net,f_l
user498,498,user498@teeme.net,f_l
user499,499,user499@teeme.net,f_l
user500,500,user500@teeme.net,f_l