user501,501,user501@teeme.net,f_l
user502,502,user502@teeme.net,f_l
user503,503,user503@teeme.net,f_l
user504,504,user504@teeme.net,f_l
user505,505,user505@teeme.net,f_l
user506,506,user506@teeme.net,f_l
user507,507,user507@teeme.net,f_l
user508,508,user508@teeme.net,f_l
user509,509,user509@teeme.net,f_l
user510,510,user510@teeme.net,f_l
user511,511,user511@teeme.net,f_l
user512,512,user512@teeme.net,f_l
user513,513,user513@teeme.net,f_l
user514,514,user514@teeme.net,f_l
user515,515,user515@teeme.net,f_l
user516,516,user516@teeme.net,f_l
user517,517,user517@teeme.net,f_l
user518,518,user518@teeme.net,f_l
user519,519,user519@teeme.net,f_l
user520,520,user520@teeme.net,f_l
user521,521,user521@teeme.net,f_l
user522,522,user522@teeme.net,f_l
user523,523,user523@teeme.net,f_l
user524,524,user524@teeme.net,f_l
user525,525,user525@teeme.net,f_l
user526,526,user526@teeme.net,f_l
user527,527,user527@teeme.net,f_l
user528,528,user528@teeme.net,f_l
user529,529,user529@teeme.net,f_l
user530,530,user530@teeme.net,f_l
user531,531,user531@teeme.net,f_l
user532,532,user532@teeme.net,f_l
user533,533,user533@teeme.net,f_l
user534,534,user534@teeme.net,f_l
user535,535,user535@teeme.net,f_l
user536,536,user536@teeme.net,f_l
user537,537,user537@teeme.net,f_l
user538,538,user538@teeme.net,f_l
user539,539,user539@teeme.net,f_l
user540,540,user540@teeme.net,f_l
user541,541,user541@teeme.net,f_l
user542,542,user542@teeme.net,f_l
user543,543,user543@teeme.net,f_l
user544,544,user544@teeme.net,f_l
user545,545,user545@teeme.net,f_l
user546,546,user546@teeme.net,f_l
user547,547,user547@teeme.net,f_l
user548,548,user548@teeme.net,f_l
user549,549,user549@teeme.net,f_l
user550,550,user550@teeme.net,f_l
user551,551,user551@teeme.net,f_l
user552,552,user552@teeme.net,f_l
user553,553,user553@teeme.net,f_l
user554,554,user554@teeme.net,f_l
user555,555,user555@teeme.net,f_l
user556,556,user556@teeme.net,f_l
user557,557,user557@teeme.net,f_l
user558,558,user558@teeme.net,f_l
user559,559,user559@teeme.net,f_l
user560,560,user560@teeme.net,f_l
user561,561,user561@teeme.net,f_l
user562,562,user562@teeme.net,f_l
user563,563,user563@teeme.net,f_l
user564,564,user564@teeme.net,f_l
user565,565,user565@teeme.net,f_l
user566,566,user566@teeme.net,f_l
user567,567,user567@teeme.net,f_l
user568,568,user568@teeme.net,f_l
user569,569,user569@teeme.net,f_l
user570,570,user570@teeme.net,f_l
user571,571,user571@teeme.net,f_l
user572,572,user572@teeme.net,f_l
user573,573,user573@teeme.net,f_l
user574,574,user574@teeme.net,f_l
user575,575,user575@teeme.net,f_l
user576,576,user576@teeme.net,f_l
user577,577,user577@teeme.net,f_l
user578,578,user578@teeme.net,f_l
user579,579,user579@teeme.net,f_l
user580,580,user580@teeme.net,f_l
user581,581,user581@teeme.net,f_l
user582,582,user582@teeme.net,f_l
user583,583,user583@teeme.net,f_l
user584,584,user584@teeme.net,f_l
user585,585,user585@teeme.net,f_l
user586,586,user586@teeme.net,f_l
user587,587,user587@teeme.net,f_l
user588,588,user588@teeme.net,f_l
user589,589,user589@teeme.net,f_l
user590,590,user590@teeme.net,f_l
user591,591,user591@teeme.net,f_l
user592,592,user592@teeme.net,f_l
user593,593,user593@teeme.net,f_l
user594,594,user594@teeme.net,f_l
user595,595,user595@teeme.net,f_l
user596,596,user596@teeme.net,f_l
user597,597,user597@teeme.net,f_l
user598,598,user598@teeme.net,f_l
user599,599,user599@teeme.net,f_l
user600,600,user600@teeme.net,f_l
user601,601,user601@teeme.net,f_l
user602,602,user602@teeme.net,f_l
user603,603,user603@teeme.net,f_l
user604,604,user604@teeme.net,f_l
user605,605,user605@teeme.net,f_l
user606,606,user606@teeme.net,f_l
user607,607,user607@teeme.net,f_l
user608,608,user608@teeme.net,f_l
user609,609,user609@teeme.net,f_l
user610,610,user610@teeme.net,f_l
user611,611,user611@teeme.net,f_l
user612,612,user612@teeme.net,f_l
user613,613,user613@teeme.net,f_l
user614,614,user614@teeme.net,f_l
user615,615,user615@teeme.net,f_l
user616,616,user616@teeme.net,f_l
user617,617,user617@teeme.net,f_l
user618,618,user618@teeme.net,f_l
user619,619,user619@teeme.net,f_l
user620,620,user620@teeme.net,f_l
user621,621,user621@teeme.net,f_l
user622,622,user622@teeme.net,f_l
user623,623,user623@teeme.net,f_l
user624,624,user624@teeme.net,f_l
user625,625,user625@teeme.net,f_l
user626,626,user626@teeme.net,f_l
user627,627,user627@teeme.net,f_l
user628,628,user628@teeme.net,f_l
user629,629,user629@teeme.net,f_l
user630,630,user630@teeme.net,f_l
user631,631,user631@teeme.net,f_l
user632,632,user632@teeme.net,f_l
user633,633,user633@teeme.net,f_l
user634,634,user634@teeme.net,f_l
user635,635,user635@teeme.net,f_l
user636,636,user636@teeme.net,f_l
user637,637,user637@teeme.net,f_l
user638,638,user638@teeme.net,f_l
user639,639,user639@teeme.net,f_l
user640,640,user640@teeme.net,f_l
user641,641,user641@teeme.net,f_l
user642,642,user642@teeme.net,f_l
user643,643,user643@teeme.net,f_l
user644,644,user644@teeme.net,f_l
user645,645,user645@teeme.net,f_l
user646,646,user646@teeme.net,f_l
user647,647,user647@teeme.net,f_l
user648,648,user648@teeme.net,f_l
user649,649,user649@teeme.net,f_l
user650,650,user650@teeme.net,f_l
user651,651,user651@teeme.net,f_l
user652,652,user652@teeme.net,f_l
user653,653,user653@teeme.net,f_l
user654,654,user654@teeme.net,f_l
user655,655,user655@teeme.net,f_l
user656,656,user656@teeme.net,f_l
user657,657,user657@teeme.net,f_l
user658,658,user658@teeme.net,f_l
user659,659,user659@teeme.net,f_l
user660,660,user660@teeme.net,f_l
user661,661,user661@teeme.net,f_l
user662,662,user662@teeme.net,f_l
user663,663,user663@teeme.net,f_l
user664,664,user664@teeme.net,f_l
user665,665,user665@teeme.net,f_l
user666,666,user666@teeme.net,f_l
user667,667,user667@teeme.net,f_l
user668,668,user668@teeme.net,f_l
user669,669,user669@teeme.net,f_l
user670,670,user670@teeme.net,f_l
user671,671,user671@teeme.net,f_l
user672,672,user672@teeme.net,f_l
user673,673,user673@teeme.net,f_l
user674,674,user674@teeme.net,f_l
user675,675,user675@teeme.net,f_l
user676,676,user676@teeme.net,f_l
user677,677,user677@teeme.net,f_l
user678,678,user678@teeme.net,f_l
user679,679,user679@teeme.net,f_l
user680,680,user680@teeme.net,f_l
user681,681,user681@teeme.net,f_l
user682,682,user682@teeme.net,f_l
user683,683,user683@teeme.net,f_l
user684,684,user684@teeme.net,f_l
user685,685,user685@teeme.net,f_l
user686,686,user686@teeme.net,f_l
user687,687,user687@teeme.net,f_l
user688,688,user688@teeme.net,f_l
user689,689,user689@teeme.net,f_l
user690,690,user690@teeme.net,f_l
user691,691,user691@teeme.net,f_l
user692,692,user692@teeme.net,f_l
user693,693,user693@teeme.net,f_l
user694,694,user694@teeme.net,f_l
user695,695,user695@teeme.net,f_l
user696,696,user696@teeme.net,f_l
user697,697,user697@teeme.net,f_l
user698,698,user698@teeme.net,f_l
user699,699,user699@teeme.net,f_l
user700,700,user700@teeme.net,f_l
user701,701,user701@teeme.net,f_l
user702,702,user702@teeme.net,f_l
user703,703,user703@teeme.net,f_l
user704,704,user704@teeme.net,f_l
user705,705,user705@teeme.net,f_l
user706,706,user706@teeme.net,f_l
user707,707,user707@teeme.net,f_l
user708,708,user708@teeme.net,f_l
user709,709,user709@teeme.net,f_l
user710,710,user710@teeme.net,f_l
user711,711,user711@teeme.net,f_l
user712,712,user712@teeme.net,f_l
user713,713,user713@teeme.net,f_l
user714,714,user714@teeme.net,f_l
user715,715,user715@teeme.net,f_l
user716,716,user716@teeme.net,f_l
user717,717,user717@teeme.net,f_l
user718,718,user718@teeme.net,f_l
user719,719,user719@teeme.net,f_l
user720,720,user720@teeme.net,f_l
user721,721,user721@teeme.net,f_l
user722,722,user722@teeme.net,f_l
user723,723,user723@teeme.net,f_l
user724,724,user724@teeme.net,f_l
user725,725,user725@teeme.net,f_l
user726,726,user726@teeme.net,f_l
user727,727,user727@teeme.net,f_l
user728,728,user728@teeme.net,f_l
user729,729,user729@teeme.net,f_l
user730,730,user730@teeme.net,f_l
user731,731,user731@teeme.net,f_l
user732,732,user732@teeme.net,f_l
user733,733,user733@teeme.net,f_l
user734,734,user734@teeme.net,f_l
user735,735,user735@teeme.net,f_l
user736,736,user736@teeme.net,f_l
user737,737,user737@teeme.net,f_l
user738,738,user738@teeme.net,f_l
user739,739,user739@teeme.net,f_l
user740,740,user740@teeme.net,f_l
user741,741,user741@teeme.net,f_l
user742,742,user742@teeme.net,f_l
user743,743,user743@teeme.net,f_l
user744,744,user744@teeme.net,f_l
user745,745,user745@teeme.net,f_l
user746,746,user746@teeme.net,f_l
user747,747,user747@teeme.net,f_l
user748,748,user748@teeme.net,f_l
user749,749,user749@teeme.net,f_l
user750,750,user750@teeme.net,f_l
user751,751,user751@teeme.net,f_l
user752,752,user752@teeme.net,f_l
user753,753,user753@teeme.net,f_l
user754,754,user754@teeme.net,f_l
user755,755,user755@teeme.net,f_l
user756,756,user756@teeme.net,f_l
user757,757,user757@teeme.net,f_l
user758,758,user758@teeme.net,f_l
user759,759,user759@teeme.net,f_l
user760,760,user760@teeme.net,f_l
user761,761,user761@teeme.net,f_l
user762,762,user762@teeme.net,f_l
user763,763,user763@teeme.net,f_l
user764,764,user764@teeme.net,f_l
user765,765,user765@teeme.net,f_l
user766,766,user766@teeme.net,f_l
user767,767,user767@teeme.net,f_l
user768,768,user768@teeme.net,f_l
user769,769,user769@teeme.net,f_l
user770,770,user770@teeme.net,f_l
user771,771,user771@teeme.net,f_l
user772,772,user772@teeme.net,f_l
user773,773,user773@teeme.net,f_l
user774,774,user774@teeme.net,f_l
user775,775,user775@teeme.net,f_l
user776,776,user776@teeme.net,f_l
user777,777,user777@teeme.net,f_l
user778,778,user778@teeme.net,f_l
user779,779,user779@teeme.net,f_l
user780,780,user780@teeme.net,f_l
user781,781,user781@teeme.net,f_l
user782,782,user782@teeme.net,f_l
user783,783,user783@teeme.net,f_l
user784,784,user784@teeme.net,f_l
user785,785,user785@teeme.net,f_l
user786,786,user786@teeme.net,f_l
user787,787,user787@teeme.net,f_l
user788,788,user788@teeme.net,f_l
user789,789,user789@teeme.net,f_l
user790,790,user790@teeme.net,f_l
user791,791,user791@teeme.net,f_l
user792,792,user792@teeme.net,f_l
user793,793,user793@teeme.net,f_l
user794,794,user794@teeme.net,f_l
user795,795,user795@teeme.net,f_l
user796,796,user796@teeme.net,f_l
user797,797,user797@teeme.net,f_l
user798,798,user798@teeme.net,f_l
user799,799,user799@teeme.net,f_l
user800,800,user800@teeme.net,f_l
user801,801,user801@teeme.net,f_l
user802,802,user802@teeme.net,f_l
user803,803,user803@teeme.net,f_l
user804,804,user804@teeme.net,f_l
user805,805,user805@teeme.net,f_l
user806,806,user806@teeme.net,f_l
user807,807,user807@teeme.net,f_l
user808,808,user808@teeme.net,f_l
user809,809,user809@teeme.net,f_l
user810,810,user810@teeme.net,f_l
user811,811,user811@teeme.net,f_l
user812,812,user812@teeme.net,f_l
user813,813,user813@teeme.net,f_l
user814,814,user814@teeme.net,f_l
user815,815,user815@teeme.net,f_l
user816,816,user816@teeme.net,f_l
user817,817,user817@teeme.net,f_l
user818,818,user818@teeme.net,f_l
user819,819,user819@teeme.net,f_l
user820,820,user820@teeme.net,f_l
user821,821,user821@teeme.net,f_l
user822,822,user822@teeme.net,f_l
user823,823,user823@teeme.net,f_l
user824,824,user824@teeme.net,f_l
user825,825,user825@teeme.net,f_l
user826,826,user826@teeme.net,f_l
user827,827,user827@teeme.net,f_l
user828,828,user828@teeme.net,f_l
user829,829,user829@teeme.net,f_l
user830,830,user830@teeme.net,f_l
user831,831,user831@teeme.net,f_l
user832,832,user832@teeme.net,f_l
user833,833,user833@teeme.net,f_l
user834,834,user834@teeme.net,f_l
user835,835,user835@teeme.net,f_l
user836,836,user836@teeme.net,f_l
user837,837,user837@teeme.net,f_l
user838,838,user838@teeme.net,f_l
user839,839,user839@teeme.net,f_l
user840,840,user840@teeme.net,f_l
user841,841,user841@teeme.net,f_l
user842,842,user842@teeme.net,f_l
user843,843,user843@teeme.net,f_l
user844,844,user844@teeme.net,f_l
user845,845,user845@teeme.net,f_l
user846,846,user846@teeme.net,f_l
user847,847,user847@teeme.net,f_l
user848,848,user848@teeme.net,f_l
user849,849,user849@teeme.net,f_l
user850,850,user850@teeme.net,f_l
user851,851,user851@teeme.net,f_l
user852,852,user852@teeme.net,f_l
user853,853,user853@teeme.net,f_l
user854,854,user854@teeme.net,f_l
user855,855,user855@teeme.net,f_l
user856,856,user856@teeme.net,f_l
user857,857,user857@teeme.net,f_l
user858,858,user858@teeme.net,f_l
user859,859,user859@teeme.net,f_l
user860,860,user860@teeme.net,f_l
user861,861,user861@teeme.net,f_l
user862,862,user862@teeme.net,f_l
user863,863,user863@teeme.net,f_l
user864,864,user864@teeme.net,f_l
user865,865,user865@teeme.net,f_l
user866,866,user866@teeme.net,f_l
user867,867,user867@teeme.net,f_l
user868,868,user868@teeme.net,f_l
user869,869,user869@teeme.net,f_l
user870,870,user870@teeme.net,f_l
user871,871,user871@teeme.net,f_l
user872,872,user872@teeme.net,f_l
user873,873,user873@teeme.net,f_l
user874,874,user874@teeme.net,f_l
user875,875,user875@teeme.net,f_l
user876,876,user876@teeme.net,f_l
user877,877,user877@teeme.net,f_l
user878,878,user878@teeme.net,f_l
user879,879,user879@teeme.net,f_l
user880,880,user880@teeme.net,f_l
user881,881,user881@teeme.net,f_l
user882,882,user882@teeme.net,f_l
user883,883,user883@teeme.net,f_l
user884,884,user884@teeme.net,f_l
user885,885,user885@teeme.net,f_l
user886,886,user886@teeme.net,f_l
user887,887,user887@teeme.net,f_l
user888,888,user888@teeme.net,f_l
user889,889,user889@teeme.net,f_l
user890,890,user890@teeme.net,f_l
user891,891,user891@teeme.net,f_l
user892,892,user892@teeme.net,f_l
user893,893,user893@teeme.net,f_l
user894,894,user894@teeme.net,f_l
user895,895,user895@teeme.net,f_l
user896,896,user896@teeme.net,f_l
user897,897,user897@teeme.net,f_l
user898,898,user898@teeme.net,f_l
user899,899,user899@teeme.net,f_l
user900,900,user900@teeme.net,f_l
user901,901,user901@teeme.net,f_l
user902,902,user902@teeme.net,f_l
user903,903,user903@teeme.net,f_l
user904,904,user904@teeme.net,f_l
user905,905,user905@teeme.net,f_l
user906,906,user906@teeme.net,f_l
user907,907,user907@teeme.net,f_l
user908,908,user908@teeme.net,f_l
user909,909,user909@teeme.net,f_l
user910,910,user910@teeme.net,f_l
user911,911,user911@teeme.net,f_l
user912,912,user912@teeme.net,f_l
user913,913,user913@teeme.net,f_l
user914,914,user914@teeme.net,f_l
user915,915,user915@teeme.net,f_l
user916,916,user916@teeme.net,f_l
user917,917,user917@teeme.net,f_l
user918,918,user918@teeme.net,f_l
user919,919,user919@teeme.net,f_l
user920,920,user920@teeme.net,f_l
user921,921,user921@teeme.net,f_l
user922,922,user922@teeme.net,f_l
user923,923,user923@teeme.net,f_l
user924,924,user924@teeme.net,f_l
user925,925,user925@teeme.net,f_l
user926,926,user926@teeme.net,f_l
user927,927,user927@teeme.net,f_l
user928,928,user928@teeme.net,f_l
user929,929,user929@teeme.net,f_l
user930,930,user930@teeme.net,f_l
user931,931,user931@teeme.net,f_l
user932,932,user932@teeme.net,f_l
user933,933,user933@teeme.net,f_l
user934,934,user934@teeme.net,f_l
user935,935,user935@teeme.net,f_l
user936,936,user936@teeme.net,f_l
user937,937,user937@teeme.net,f_l
user938,938,user938@teeme.net,f_l
user939,939,user939@teeme.net,f_l
user940,940,user940@teeme.net,f_l
user941,941,user941@teeme.net,f_l
user942,942,user942@teeme.net,f_l
user943,943,user943@teeme.net,f_l
user944,944,user944@teeme.net,f_l
user945,945,user945@teeme.net,f_l
user946,946,user946@teeme.net,f_l
user947,947,user947@teeme.net,f_l
user948,948,user948@teeme.net,f_l
user949,949,user949@teeme.net,f_l
user950,950,user950@teeme.net,f_l
user951,951,user951@teeme.net,f_l
user952,952,user952@teeme.net,f_l
user953,953,user953@teeme.net,f_l
user954,954,user954@teeme.net,f_l
user955,955,user955@teeme.net,f_l
user956,956,user956@teeme.net,f_l
user957,957,user957@teeme.net,f_l
user958,958,user958@teeme.net,f_l
user959,959,user959@teeme.net,f_l
user960,960,user960@teeme.net,f_l
user961,961,user961@teeme.net,f_l
user962,962,user962@teeme.net,f_l
user963,963,user963@teeme.net,f_l
user964,964,user964@teeme.net,f_l
user965,965,user965@teeme.net,f_l
user966,966,user966@teeme.net,f_l
user967,967,user967@teeme.net,f_l
user968,968,user968@teeme.net,f_l
user969,969,user969@teeme.net,f_l
user970,970,user970@teeme.net,f_l
user971,971,user971@teeme.net,f_l
user972,972,user972@teeme.net,f_l
user973,973,user973@teeme.net,f_l
user974,974,user974@teeme.net,f_l
user975,975,user975@teeme.net,f_l
user976,976,user976@teeme.net,f_l
user977,977,user977@teeme.net,f_l
user978,978,user978@teeme.net,f_l
user979,979,user979@teeme.net,f_l
user980,980,user980@teeme.net,f_l
user981,981,user981@teeme.net,f_l
user982,982,user982@teeme.net,f_l
user983,983,user983@teeme.net,f_l
user984,984,user984@teeme.net,f_l
user985,985,user985@teeme.net,f_l
user986,986,user986@teeme.net,f_l
user987,987,user987@teeme.net,f_l
user988,988,user988@teeme.net,f_l
user989,989,user989@teeme.net,f_l
user990,990,user990@teeme.net,f_l
user991,991,user991@teeme.net,f_l
user992,992,user992@teeme.net,f_l
user993,993,user993@teeme.net,f_l
user994,994,user994@teeme.net,f_l
user995,995,user995@teeme.net,f_l
user996,996,user996@teeme.net,f_l
user997,997,user997@teeme.net,f_l
user998,998,user998@teeme.net,f_l
user999,999,user999@teeme.net,f_l
user1000,1000,user1000@teeme.net,f_l